Date (date),State Name (state_name),State Code (state_code),RTO Name (office_name),RTO Code (office_code),Norm Type (norm_type),Categorized By (category),Registrations (registrations)
"2019-07-01","Rajasthan","08","Sahapura (Jaipur) Dto","RJ52","Bharat Stage IV/VI","Norm","11.0"
"2020-11-01","Punjab","03","Sdm Samrala","PB43","Bharat Stage IV","Norm","11217.0"
"2019-11-01","Andhra Pradesh","28","Chirala Uo","AP127","Bharat Stage VI","Norm","7.0"
"2020-01-01","Punjab","03","Rto Malerkotla","PB28","Bharat Stage VI","Norm","4.0"
"2021-02-01","Gujarat","24","Navsari","GJ21","Bharat Stage VI","Norm","1956.0"
"2023-05-01","Tamil Nadu","33","Thiruthuraipoondi Uo","TN630","Bharat Stage VI","Norm","285.0"
"2023-05-01","Maharashtra","27","Wardha","MH32","Bharat Stage V (CEV)","Norm","1.0"
"2020-08-01","Tamil Nadu","33","Redhills Rto","TN18","Bharat Stage IV","Norm","1.0"
"2020-11-01","Kerala","32","Malappuram Rto","KL10","Bharat Stage III (CEV)","Norm","5.0"
"2021-04-01","Rajasthan","08","Jodhpur Rto","RJ19","Bharat Stage II","Norm","1.0"
"2022-10-01","Punjab","03","Sdm Samrala","PB43","Bharat Stage VI","Norm","349.0"
"2020-07-01","Maharashtra","27","Dy.R.T.O.Borivali","MH47","Bharat Stage III (CEV)","Norm","1.0"
"2019-12-01","Gujarat","24","Dahod","GJ20","Bharat Stage III","Norm","6.0"
"2022-12-01","Maharashtra","27","Mumbai (West)","MH2","Bharat Stage III (CEV)","Norm","2.0"
"2022-02-01","Rajasthan","08","Balotra Dto","RJ39","Bharat Stage VI","Norm","597.0"
"2020-08-01","Rajasthan","08","Hanumangarh Dto","RJ31","Bharat Stage VI","Norm","856.0"
"2024-04-01","Karnataka","29","Bengaluru East Rto","KA3","Not Available","Norm","506.0"
"2021-12-01","Andhra Pradesh","28","Ravulapalem Uo","AP705","Not Available","Norm","25.0"
"2019-10-01","Chhattisgarh","22","Raipur Rto","CG4","Bharat Stage IV/VI","Norm","559.0"
"2020-11-01","Punjab","03","Sdm Ludhiana East","PB91","Bharat (Trem) Stage III A","Norm","136.0"
"2019-06-01","Arunachal Pradesh","12","Lohit","AR11","Bharat (Trem) Stage III A","Norm","2.0"
"2023-05-01","Tripura","16","Unakoti Dto","TR2","Bharat Stage III","Norm","2.0"
"2024-04-01","Chhattisgarh","22","Rajnandgaon Arto","CG8","Bharat Stage IV (CEV)","Norm","7.0"
"2021-03-01","Uttar Pradesh","09","Shravasti","UP46","Not Available","Norm","17.0"
"2023-01-01","Rajasthan","08","Ajmer Rto","RJ1","Bharat (Trem) Stage III A","Norm","133.0"
"2020-06-01","Madhya Pradesh","23","Satna Arto","MP19","Not Available","Norm","4.0"
"2021-01-01","Madhya Pradesh","23","Dewas Dto","MP41","Bharat Stage VI","Norm","2817.0"
"2020-01-01","Bihar","10","Buxur","BR44","Bharat (Trem) Stage III","Norm","4.0"
"2020-06-01","Rajasthan","08","Dholpur Dto","RJ11","Bharat Stage III (CEV)","Norm","2.0"
"2023-01-01","Odisha","21","Bhadrak Rto","OR22","Bharat Stage IV (CEV)","Norm","3.0"
"2021-12-01","Sikkim","11","Pakyong","SK7","Bharat Stage VI","Norm","80.0"
"2023-08-01","West Bengal","19","Kalimpong Rto","WB78","Bharat (Trem) Stage III A","Norm","4.0"
"2024-01-01","Chhattisgarh","22","Durg Rto","CG7","Not Available","Norm","585.0"
"2019-03-01","Bihar","10","Katihar","BR39","Bharat (Trem) Stage III","Norm","1.0"
"2023-12-01","Madhya Pradesh","23","Shahdol Rto","MP18","Bharat Stage VI","Norm","1298.0"
"2022-07-01","Tamil Nadu","33","Avinashi Uo","TN580","Bharat Stage VI","Norm","652.0"
"2021-08-01","Tamil Nadu","33","Sankagiri Rto","TN52","Bharat Stage IV","Norm","1.0"
"2022-11-01","Uttar Pradesh","09","Ayodhya Rto","UP42","Bharat (Trem) Stage III A","Norm","126.0"
"2022-01-01","Kerala","32","Koilandy Srto","KL56","Bharat Stage VI","Norm","735.0"
"2022-06-01","Haryana","06","Sonepat","HR10","Bharat (Trem) Stage III A","Norm","76.0"
"2023-11-01","Arunachal Pradesh","12","Lower Siang","AR22","Bharat Stage III","Norm","171.0"
"2022-01-01","Andhra Pradesh","28","Kovvuru Uo","AP337","Bharat Stage III","Norm","13.0"
"2024-02-01","Madhya Pradesh","23","Shahdol Rto","MP18","Bharat (Trem) Stage IV","Norm","1.0"
"2021-07-01","Bihar","10","Jehanabad","BR25","Not Available","Norm","35.0"
"2020-03-01","Madhya Pradesh","23","Sehore Dto","MP37","Bharat Stage VI","Norm","275.0"
"2024-04-01","Himachal Pradesh","02","Rla Amb","HP19","Bharat Stage VI","Norm","160.0"
"2020-06-01","Assam","18","Sivasagar","AS4","Bharat Stage IV","Norm","3.0"
"2023-09-01","Arunachal Pradesh","12","West Siang","AR8","Not Available","Norm","8.0"
"2021-02-01","Karnataka","29","K G F Arto","KA8","Bharat (Trem) Stage III A","Norm","18.0"
"2021-03-01","Bihar","10","Bettiah","BR22","Bharat Stage III (CEV)","Norm","6.0"
"2021-03-01","Uttarakhand","05","Pithoragarh Arto","UK5","Bharat (Trem) Stage III A","Norm","1.0"
"2023-04-01","Uttar Pradesh","09","Balrampur","UP47","Bharat Stage III (CEV)","Norm","2.0"
"2023-02-01","West Bengal","19","Coochbehar Rto","WB63","Bharat Stage IV (CEV)","Norm","1.0"
"2022-06-01","Punjab","03","Rto Sangrur","PB13","Bharat Stage IV (CEV)","Norm","4.0"
"2019-10-01","Kerala","32","Chengannur Srto","KL30","Not Available","Norm","1.0"
"2022-10-01","Haryana","06","Ambala City","HR1","Not Available","Norm","31.0"
"2020-04-01","Karnataka","29","Raichur Rto","KA36","Bharat Stage IV","Norm","728.0"
"2023-05-01","Punjab","03","Sdm Nangal","PB74","Bharat Stage VI","Norm","178.0"
"2024-01-01","Bihar","10","Madhubani","BR32","Bharat Stage III (CEV)","Norm","1.0"
"2020-02-01","Maharashtra","27","Nanded","MH26","Not Available","Norm","26.0"
"2020-12-01","Punjab","03","Rto Tarn Taran","PB46","Bharat (Trem) Stage III A","Norm","87.0"
"2024-03-01","Rajasthan","08","Nagaur Dto","RJ21","Bharat (Trem) Stage IV","Norm","2.0"
"2023-12-01","Kerala","32","Alathur Srto","KL49","Bharat (Trem) Stage III A","Norm","4.0"
"2023-03-01","Karnataka","29","Hospet Rto","KA35","Bharat (Trem) Stage III A","Norm","201.0"
"2020-11-01","West Bengal","19","Purulia Rto","WB55","Not Available","Norm","120.0"
"2022-12-01","Rajasthan","08","Ajmer Rto","RJ1","Bharat Stage III (CEV)","Norm","17.0"
"2024-04-01","Andhra Pradesh","28","Adoni Rto","AP221","Not Available","Norm","19.0"
"2022-12-01","Maharashtra","27","Sangli","MH10","Bharat (Trem) Stage IV","Norm","1.0"
"2024-02-01","Maharashtra","27","Nagpur (East)","MH49","Bharat (Trem) Stage IV","Norm","1.0"
"2021-06-01","Odisha","21","Khordha Arto","OR201","Bharat Stage VI","Norm","94.0"
"2022-06-01","Tamil Nadu","33","Thirumangalam Uo","TN598","Not Available","Norm","10.0"
"2020-06-01","Maharashtra","27","Vasai","MH48","Bharat Stage III (CEV)","Norm","4.0"
"2019-10-01","Bihar","10","Bhagalpur","BR10","Not Available","Norm","90.0"
"2019-05-01","Haryana","06","Sdm Badli","HR89","Bharat (Trem) Stage III A","Norm","18.0"
"2023-01-01","Madhya Pradesh","23","Shivpuri Dto","MP33","Bharat Stage III","Norm","1.0"
"2019-07-01","Himachal Pradesh","02","Rla Manali","HP58","Not Available","Norm","1.0"
"2023-07-01","Uttar Pradesh","09","Akbarpur(Ambedkar Nagar)","UP45","Not Available","Norm","170.0"
"2021-08-01","Assam","18","Nalbari","AS14","Not Available","Norm","49.0"
"2020-09-01","Maharashtra","27","Malegaon","MH41","Bharat (Trem) Stage III A","Norm","248.0"
"2020-12-01","Tamil Nadu","33","Rto Chennai (North West)","TN2","Bharat Stage VI","Norm","1184.0"
"2024-03-01","Himachal Pradesh","02","Rla Jhandutta","HP89","Bharat Stage VI","Norm","81.0"
"2021-10-01","Rajasthan","08","Phalodi Dto","RJ43","Bharat (Trem) Stage III A","Norm","143.0"
"2024-05-01","Tamil Nadu","33","Tirunelveli Rto","TN72","Bharat (Trem) Stage IV","Norm","2.0"
"2019-05-01","West Bengal","19","Birbhum Rto","WB53","Bharat Stage III (CEV)","Norm","3.0"
"2020-10-01","Jammu And Kashmir","01","Srinagar Rto","JK1","Bharat Stage III (CEV)","Norm","1.0"
"2024-03-01","Karnataka","29","Krishnarajapuram Rto","KA53","Bharat (Trem) Stage IV","Norm","5.0"
"2022-01-01","Andhra Pradesh","28","Proddutur Rta","AP204","Bharat Stage III","Norm","98.0"
"2023-08-01","Rajasthan","08","Didwana Dto","RJ37","Bharat (Trem) Stage III A","Norm","79.0"
"2023-06-01","Goa","30","Margao Rto","GA8","Bharat (Trem) Stage III A","Norm","5.0"
"2021-03-01","Haryana","06","Jind","HR31","Bharat Stage III (CEV)","Norm","2.0"
"2021-02-01","Tamil Nadu","33","Sankagiri Rto","TN52","Bharat Stage VI","Norm","1146.0"
"2023-07-01","Uttar Pradesh","09","Kaushambi","UP73","Not Available","Norm","201.0"
"2023-01-01","Haryana","06","Gohana","HR11","Bharat Stage VI","Norm","414.0"
"2022-04-01","Tripura","16","Khowai Dto","TR6","Not Available","Norm","9.0"
"2022-02-01","Karnataka","29","Bengaluru West Rto","KA2","Not Available","Norm","293.0"
"2023-02-01","Maharashtra","27","Nanded","MH26","Bharat (Trem) Stage III A","Norm","271.0"
"2022-12-01","Rajasthan","08","Bikaner Rto","RJ7","Bharat Stage IV (CEV)","Norm","2.0"
"2023-07-01","Tripura","16","Dhalai Dto","TR4","Not Available","Norm","77.0"
"2022-03-01","Mizoram","15","Champhai","MZ4","Bharat Stage III (CEV)","Norm","1.0"
"2022-01-01","Tamil Nadu","33","Erode (West) Rto","TN86","Not Available","Norm","10.0"
"2019-07-01","Kerala","32","Punalur Srto","KL25","Bharat Stage IV/VI","Norm","15.0"
"2023-11-01","Punjab","03","Sdm Mukerian","PB54","Bharat (Trem) Stage IV","Norm","3.0"
"2020-09-01","Odisha","21","Kalahandi Rto","OR8","Not Available","Norm","26.0"
"2022-01-01","Rajasthan","08","Nohar Dto","RJ49","Bharat (Trem) Stage III A","Norm","168.0"
"2019-10-01","Kerala","32","Nedumangadu Srto","KL21","Bharat Stage III (CEV)","Norm","3.0"
"2023-02-01","Rajasthan","08","Tonk Dto","RJ26","Bharat (Trem) Stage III A","Norm","263.0"
"2021-08-01","Karnataka","29","Ramanagar Rto","KA42","Not Available","Norm","32.0"
"2021-01-01","West Bengal","19","Barasat Rto","WB25","Not Available","Norm","101.0"
"2021-04-01","Haryana","06","Rta, Bhiwani","HR61","Bharat Stage VI","Norm","161.0"
"2020-06-01","Gujarat","24","Ahmedabad East","GJ27","Bharat (Trem) Stage III A","Norm","13.0"
"2023-07-01","Odisha","21","Bhadrak Rto","OR22","Bharat Stage VI","Norm","1318.0"
"2019-12-01","Tamil Nadu","33","Erode Rto","TN33","Bharat Stage IV/VI","Norm","24.0"
"2022-01-01","Kerala","32","Nedumangadu Srto","KL21","Bharat Stage VI","Norm","1054.0"
"2019-05-01","West Bengal","19","Paschim Burdwan Rto","WB37","Bharat Stage III (CEV)","Norm","12.0"
"2022-07-01","Jammu And Kashmir","01","Kulgam Arto","JK18","Bharat Stage VI","Norm","313.0"
"2020-07-01","Himachal Pradesh","02","Rla Joginder Nagar","HP29","Bharat Stage VI","Norm","291.0"
"2019-01-01","Delhi","07","Rajouri Garden","DL10","Bharat Stage IV/VI","Norm","1.0"
"2019-04-01","Delhi","07","Surajmal Vihar","DL13","Bharat Stage IV/VI","Norm","7.0"
"2021-01-01","Uttar Pradesh","09","Bijnor","UP20","Bharat Stage III (CEV)","Norm","4.0"
"2019-12-01","Andhra Pradesh","28","Unit Office Kathipudi","AP305","Bharat Stage IV","Norm","434.0"
"2022-04-01","Bihar","10","Madhepura","BR43","Bharat Stage VI","Norm","1448.0"
"2023-05-01","Haryana","06","Naraingarh","HR4","Bharat Stage III (CEV)","Norm","6.0"
"2022-11-01","Kerala","32","Koduvally Srto","KL57","Not Available","Norm","92.0"
"2023-03-01","Jammu And Kashmir","01","Anantnag Arto","JK3","Bharat Stage IV (CEV)","Norm","6.0"
"2023-02-01","Punjab","03","Sdm Jalandhar-11","PB90","Bharat Stage VI","Norm","16.0"
"2022-12-01","Kerala","32","Changanacherry Srto","KL33","Bharat Stage VI","Norm","678.0"
"2023-11-01","Haryana","06","Rta, Panchkula","HR68","Bharat Stage VI","Norm","194.0"
"2020-03-01","Jharkhand","20","Dto Office Dumka","JH4","Bharat Stage III (CEV)","Norm","8.0"
"2019-09-01","Punjab","03","Ahmedgarh Sdm","PB82","Bharat Stage IV","Norm","35.0"
"2021-08-01","Madhya Pradesh","23","Katni Arto","MP21","Bharat Stage IV","Norm","1.0"
"2024-03-01","Odisha","21","Kendrapara Rto","OR29","Bharat Stage IV (CEV)","Norm","1.0"
"2019-02-01","Odisha","21","Talcher Rto","OR35","Bharat Stage IV","Norm","761.0"
"2019-03-01","Punjab","03","Jalalabad Sdm","PB61","Bharat Stage IV","Norm","284.0"
"2022-12-01","Himachal Pradesh","02","Rla Nadaun","HP55","Not Available","Norm","3.0"
"2019-08-01","Rajasthan","08","Jhalawar Dto","RJ17","Bharat Stage IV","Norm","1322.0"
"2021-10-01","Tamil Nadu","33","Mayiladuthurai Rto","TN589","Not Available","Norm","2.0"
"2021-05-01","Karnataka","29","Chintamani Arto","KA67","Bharat (Trem) Stage III A","Norm","1.0"
"2021-03-01","Haryana","06","Dabwali","HR25","Bharat (Trem) Stage III A","Norm","64.0"
"2024-02-01","Uttar Pradesh","09","Padrauna(Kushi Nagar)","UP57","Bharat Stage VI","Norm","3766.0"
"2021-09-01","The Dadra And Nagar Haveli And Daman And Diu","38","Daman","DD3","Bharat (Trem) Stage III A","Norm","2.0"
"2019-03-01","Chhattisgarh","22","Jashpur Dto","CG14","Bharat Stage IV","Norm","2185.0"
"2020-12-01","Tamil Nadu","33","Kallakurichi Rto","TN615","Not Available","Norm","2.0"
"2021-10-01","Kerala","32","Chittur Srto","KL70","Bharat Stage VI","Norm","493.0"
"2023-12-01","Rajasthan","08","Pipar City Dto","RJ54","Not Available","Norm","21.0"
"2019-05-01","Uttar Pradesh","09","Sahjahanpur","UP27","Bharat (Trem) Stage III","Norm","1.0"
"2022-02-01","Maharashtra","27","Akola","MH30","Bharat Stage V (CEV)","Norm","2.0"
"2021-09-01","Punjab","03","Sdm Ahmedgarh","PB82","Bharat Stage VI","Norm","89.0"
"2020-04-01","Andhra Pradesh","28","Tenali Uo","AP707","Bharat Stage IV","Norm","88.0"
"2021-04-01","Punjab","03","Sdm Bhikhiwind","PB88","Bharat (Trem) Stage III","Norm","1.0"
"2021-07-01","Tamil Nadu","33","Avinashi Uo","TN580","Bharat Stage III (CEV)","Norm","2.0"
"2023-04-01","Haryana","06","Gurugram South","HR72","Bharat Stage III (CEV)","Norm","1.0"
"2020-03-01","Haryana","06","Bhiwani","HR16","Bharat (Trem) Stage III","Norm","1.0"
"2019-06-01","Assam","18","Morigaon","AS21","Bharat (Trem) Stage III","Norm","1.0"
"2023-01-01","Haryana","06","Sdm Office Kalka","HR49","Bharat Stage IV","Norm","8.0"
"2020-02-01","Mizoram","15","Champhai","MZ4","Bharat Stage IV","Norm","72.0"
"2020-01-01","Assam","18","Biswanath Chariali","AS32","Bharat Stage VI","Norm","12.0"
"2019-11-01","Himachal Pradesh","02","Rla Nagrota Bagwan","HP94","Bharat Stage IV/VI","Norm","12.0"
"2023-08-01","Uttar Pradesh","09","Sant Kabir Nagar","UP58","Not Available","Norm","87.0"
"2021-08-01","Punjab","03","Rto Ludhiana","PB10","Bharat Stage I","Norm","1.0"
"2023-06-01","Rajasthan","08","Jalore Dto","RJ16","Bharat Stage IV (CEV)","Norm","6.0"
"2022-01-01","Tamil Nadu","33","Tiruvarur Rto","TN50","Bharat (Trem) Stage III A","Norm","15.0"
"2019-11-01","Uttar Pradesh","09","Baghpat","UP17","Bharat (Trem) Stage III A","Norm","54.0"
"2022-03-01","Tamil Nadu","33","Alangudi Uo","TN641","Bharat Stage VI","Norm","518.0"
"2021-11-01","Maharashtra","27","Amrawati","MH27","Bharat Stage VI","Norm","3778.0"
"2021-03-01","Tamil Nadu","33","Tindivanam Rto","TN571","Bharat (Trem) Stage III A","Norm","66.0"
"2021-04-01","Maharashtra","27","Ambejogai","MH44","Bharat (Trem) Stage III A","Norm","10.0"
"2019-11-01","West Bengal","19","Arambag Arto","WB18","Bharat Stage VI","Norm","2.0"
"2020-12-01","Maharashtra","27","Mumbai (Central)","MH1","Bharat Stage I","Norm","1.0"
"2020-03-01","Punjab","03","Sdm Ajnala","PB14","Bharat Stage IV","Norm","425.0"
"2019-08-01","Haryana","06","Tosham","HR48","Bharat Stage IV","Norm","239.0"
"2019-06-01","Rajasthan","08","Kota Rto","RJ20","Bharat Stage IV","Norm","3557.0"
"2019-01-01","Madhya Pradesh","23","Seoni Arto","MP22","Bharat (Trem) Stage III A","Norm","1.0"
"2022-01-01","Uttar Pradesh","09","Sahjahanpur","UP27","Bharat (Trem) Stage III","Norm","9.0"
"2022-04-01","Meghalaya","17","Khliehriat","ML11","Bharat Stage III","Norm","4.0"
"2023-07-01","Rajasthan","08","Alwar Rto","RJ2","Bharat (Trem) Stage III A","Norm","550.0"
"2023-10-01","Gujarat","24","Bardoli","GJ19","Not Available","Norm","90.0"
"2021-06-01","Rajasthan","08","Phalodi Dto","RJ43","Bharat (Trem) Stage III A","Norm","105.0"
"2019-09-01","Rajasthan","08","Sahapura (Bhilwara) Dto","RJ51","Bharat Stage IV/VI","Norm","24.0"
"2021-02-01","Karnataka","29","Bidar Rto","KA38","Bharat Stage III (CEV)","Norm","6.0"
"2019-10-01","Haryana","06","Gohana","HR11","Bharat (Trem) Stage III","Norm","1.0"
"2022-03-01","Kerala","32","Chengannur Srto","KL30","Not Available","Norm","17.0"
"2019-11-01","Punjab","03","Morinda Sdm","PB87","Bharat Stage VI","Norm","4.0"
"2021-06-01","Sikkim","11","Soreng","SK6","Bharat Stage VI","Norm","23.0"
"2022-05-01","Kerala","32","Kottayam Rto","KL5","Not Available","Norm","51.0"
"2020-10-01","Punjab","03","Rto Sbs Nagar","PB32","Bharat (Trem) Stage III A","Norm","37.0"
"2021-04-01","Karnataka","29","Chintamani Arto","KA67","Bharat Stage IV","Norm","5.0"
"2021-02-01","Karnataka","29","Karwar Rto","KA30","Bharat Stage VI","Norm","360.0"
"2021-11-01","Odisha","21","Mayurbhanj Rto","OR11","Bharat Stage IV (CEV)","Norm","2.0"
"2019-03-01","Bihar","10","Lakhisarai","BR53","Bharat (Trem) Stage III A","Norm","58.0"
"2019-05-01","Andhra Pradesh","28","Rajahmundry Rta","AP105","Bharat Stage III","Norm","3.0"
"2021-07-01","Kerala","32","Nilambur Srto","KL71","Bharat Stage III/IV","Norm","12.0"
"2022-06-01","Maharashtra","27","Srirampur","MH17","Bharat (Trem) Stage III","Norm","1.0"
"2020-01-01","Kerala","32","Nedumangadu Srto","KL21","Bharat Stage VI","Norm","60.0"
"2023-12-01","Karnataka","29","Udupi Rto","KA20","Not Available","Norm","188.0"
"2023-10-01","Gujarat","24","Bharuch","GJ16","Bharat (Trem) Stage IV","Norm","5.0"
"2023-07-01","Uttar Pradesh","09","Bandarto","UP90","Bharat Stage IV (CEV)","Norm","1.0"
"2023-03-01","Haryana","06","Sdm Bilaspur","HR71","Not Available","Norm","8.0"
"2020-10-01","Bihar","10","Katihar","BR39","Bharat (Trem) Stage III A","Norm","136.0"
"2024-05-01","Haryana","06","Gurugram South","HR72","Bharat Stage IV (CEV)","Norm","1.0"
"2019-03-01","Andhra Pradesh","28","Bapatla Mvi Office","AP207","Not Available","Norm","58.0"
"2021-11-01","Uttar Pradesh","09","Ayodhya Rto","UP42","Bharat Stage IV (CEV)","Norm","5.0"
"2022-07-01","Odisha","21","Sundergarh Rto","OR16","Bharat Stage III (CEV)","Norm","2.0"
"2022-12-01","Arunachal Pradesh","12","Tawang","AR3","Bharat Stage IV (CEV)","Norm","2.0"
"2020-02-01","Uttar Pradesh","09","Bareilly","UP25","Bharat Stage II","Norm","1.0"
"2020-01-01","Uttar Pradesh","09","Mathura","UP85","Bharat (Trem) Stage III A","Norm","277.0"
"2020-04-01","Chhattisgarh","22","Raipur Rto","CG4","Bharat (Trem) Stage III A","Norm","1.0"
"2020-09-01","Kerala","32","Kozhikode Rto","KL11","Not Available","Norm","6.0"
"2019-10-01","Tamil Nadu","33","Kancheepuram Rto","TN21","Bharat (Trem) Stage III A","Norm","10.0"
"2021-07-01","Gujarat","24","Rajkot","GJ3","Bharat Stage III (CEV)","Norm","17.0"
"2020-09-01","Karnataka","29","Mangalore Rto","KA19","Not Available","Norm","10.0"
"2024-02-01","Tamil Nadu","33","Vadipatti Uo","TN599","Bharat Stage III (CEV)","Norm","1.0"
"2024-02-01","Punjab","03","Sdm Kharar","PB27","Bharat (Trem) Stage IV","Norm","6.0"
"2020-10-01","Rajasthan","08","Bundi Dto","RJ8","Bharat Stage VI","Norm","1189.0"
"2021-02-01","Tamil Nadu","33","Thiruthuraipoondi Uo","TN630","Not Available","Norm","1.0"
"2024-01-01","Punjab","03","Rto Ropar","PB12","Bharat Stage IV (CEV)","Norm","2.0"
"2024-01-01","Kerala","32","Mannarghat Srto","KL50","Bharat Stage VI","Norm","526.0"
"2023-07-01","Haryana","06","Rta, Panchkula","HR68","Not Available","Norm","8.0"
"2022-02-01","Jammu And Kashmir","01","Anantnag Arto","JK3","Bharat Stage IV (CEV)","Norm","2.0"
"2023-12-01","Tamil Nadu","33","Srirangam Rto","TN48","Bharat Stage VI","Norm","722.0"
"2024-02-01","Kerala","32","Thirur Srto","KL55","Bharat Stage IV (CEV)","Norm","3.0"
"2019-09-01","Bihar","10","Kishanganj","BR37","Bharat Stage IV","Norm","2054.0"
"2019-08-01","Uttar Pradesh","09","Bareilly","UP25","Bharat Stage III (CEV)","Norm","4.0"
"2023-04-01","Haryana","06","Kosli","HR43","Not Available","Norm","3.0"
"2021-04-01","Chhattisgarh","22","Rajnandgaon Arto","CG8","Bharat (Trem) Stage III A","Norm","30.0"
"2020-08-01","Karnataka","29","Tarikere, Chikkamagaluru Arto","KA66","Not Available","Norm","20.0"
"2019-05-01","Himachal Pradesh","02","Rla Shahpur","HP90","Bharat (Trem) Stage III A","Norm","1.0"
"2020-09-01","Kerala","32","Perinthalmanna Srto","KL53","Bharat Stage IV","Norm","1.0"
"2020-07-01","Punjab","03","Sdm Ajnala","PB14","Bharat (Trem) Stage III A","Norm","10.0"
"2022-11-01","Karnataka","29","Hunsur Arto","KA45","Bharat Stage VI","Norm","525.0"
"2020-02-01","Bihar","10","Bhojpur","BR3","Not Available","Norm","55.0"
"2019-09-01","Jammu And Kashmir","01","Kathua Rto","JK8","Bharat Stage III (CEV)","Norm","1.0"
"2019-06-01","Haryana","06","Narwana","HR32","Bharat Stage III (CEV)","Norm","2.0"
"2022-09-01","Karnataka","29","Dharwad East Rto","KA63","Bharat Stage III (CEV)","Norm","2.0"
"2023-09-01","Himachal Pradesh","02","Rla Haroli","HP80","Bharat Stage III (CEV)","Norm","1.0"
"2022-04-01","Uttar Pradesh","09","Ferozabad","UP83","Bharat Stage VI","Norm","3400.0"
"2024-02-01","Maharashtra","27","Gadchiroli","MH33","Bharat (Trem) Stage III A","Norm","127.0"
"2020-09-01","Tamil Nadu","33","Ramanathapuram Rto","TN65","Not Applicable","Norm","2.0"
"2021-05-01","Madhya Pradesh","23","Sheopur Dto","MP31","Bharat (Trem) Stage III A","Norm","1.0"
"2020-11-01","Kerala","32","Nilambur Srto","KL71","Bharat Stage III","Norm","12661.0"
"2021-09-01","Himachal Pradesh","02","Rto Chamba","HP73","Bharat (Trem) Stage III A","Norm","2.0"
"2021-04-01","Tamil Nadu","33","Coimbatore (South) Rto","TN37","Bharat (Trem) Stage III A","Norm","6.0"
"2019-08-01","Karnataka","29","Bantwala Arto","KA70","Bharat Stage IV","Norm","611.0"
"2023-04-01","Punjab","03","Rto Ropar","PB12","Bharat Stage VI","Norm","313.0"
"2022-05-01","West Bengal","19","Islampur Arto","WB91","Bharat Stage VI","Norm","878.0"
"2022-06-01","Chhattisgarh","22","Rajnandgaon Arto","CG8","Bharat Stage V (CEV)","Norm","2.0"
"2020-01-01","Uttarakhand","05","Haridwar Arto","UK8","Bharat Stage IV","Norm","1713.0"
"2022-12-01","Haryana","06","Rta, Ynr","HR58","Not Available","Norm","68.0"
"2020-11-01","Haryana","06","Karnal","HR5","Bharat (Trem) Stage III","Norm","1.0"
"2022-01-01","Tamil Nadu","33","Thirupattur Rto","TN624","Bharat (Trem) Stage III A","Norm","23.0"
"2019-10-01","Haryana","06","Hisar","HR20","Bharat (Trem) Stage III","Norm","2.0"
"2023-09-01","Madhya Pradesh","23","Seoni Arto","MP22","Not Available","Norm","29.0"
"2020-09-01","Karnataka","29","Kolar Rto","KA7","Not Applicable","Norm","1.0"
"2021-08-01","Haryana","06","Charkhi Dadri","HR19","Bharat (Trem) Stage III A","Norm","144.0"
"2023-10-01","Odisha","21","Cuttack Rto","OR5","Bharat Stage VI","Norm","8383.0"
"2023-09-01","Chhattisgarh","22","Baloda Bazar Dto","CG22","Bharat (Trem) Stage IV","Norm","2.0"
"2022-08-01","Uttar Pradesh","09","Sonbhadra","UP64","Bharat Stage IV (CEV)","Norm","6.0"
"2022-12-01","Haryana","06","Hathin","HR52","Bharat (Trem) Stage III A","Norm","29.0"
"2020-03-01","Uttar Pradesh","09","Ballia","UP60","Bharat Stage IV/VI","Norm","51.0"
"2019-10-01","Himachal Pradesh","02","Rla Kumarsain","HP95","Bharat Stage III (CEV)","Norm","1.0"
"2023-09-01","Kerala","32","Thrissur Rto","KL8","Bharat (Trem) Stage III A","Norm","1.0"
"2023-09-01","Tamil Nadu","33","Ulundurpet Rto","TN577","Bharat (Trem) Stage IV","Norm","3.0"
"2020-11-01","Rajasthan","08","Rajsamand Dto","RJ30","Bharat Stage VI","Norm","2819.0"
"2024-03-01","Tamil Nadu","33","Sulur Uo","TN620","Bharat Stage IV (CEV)","Norm","3.0"
"2022-02-01","Andhra Pradesh","28","Bhimavaram Rta","AP137","Bharat Stage IV","Norm","1.0"
"2020-03-01","Kerala","32","Kottayam Rto","KL5","Bharat Stage IV/VI","Norm","169.0"
"2022-09-01","Punjab","03","Rto Sahibzada Ajit Singh Nagar","PB65","Not Available","Norm","12.0"
"2024-05-01","Haryana","06","Rta, Karnal","HR45","Bharat Stage VI","Norm","267.0"
"2021-03-01","Madhya Pradesh","23","Alirajpur Dto","MP69","Bharat (Trem) Stage III A","Norm","1.0"
"2019-09-01","Tamil Nadu","33","Tirunelveli Rto","TN72","Bharat (Trem) Stage III A","Norm","12.0"
"2019-06-01","Kerala","32","Kottayam Rto","KL5","Bharat Stage IV","Norm","1362.0"
"2022-11-01","Himachal Pradesh","02","Rla Kandaghat","HP13","Bharat Stage VI","Norm","40.0"
"2019-07-01","Delhi","07","Loni Road","DL5","Bharat Stage IV","Norm","6160.0"
"2019-12-01","Uttar Pradesh","09","Raibareilly","UP33","Not Available","Norm","99.0"
"2019-09-01","Chhattisgarh","22","Balod Dto","CG24","Bharat Stage IV","Norm","615.0"
"2022-06-01","Karnataka","29","Bellary Rto","KA34","Bharat (Trem) Stage IV","Norm","1.0"
"2023-07-01","Tamil Nadu","33","Vedachandur Uo","TN617","Not Available","Norm","4.0"
"2021-02-01","Himachal Pradesh","02","Rto Kullu","HP66","Bharat Stage III (CEV)","Norm","1.0"
"2022-05-01","Uttar Pradesh","09","Mahoba","UP95","Bharat Stage IV (CEV)","Norm","1.0"
"2023-08-01","West Bengal","19","Ghatal Arto","WB50","Bharat Stage VI","Norm","751.0"
"2022-11-01","Nagaland","13","Mokokchung Rto","NL2","Bharat Stage VI","Norm","54.0"
"2024-05-01","Himachal Pradesh","02","Rla Sangrah","HP79","Bharat Stage VI","Norm","24.0"
"2020-12-01","Karnataka","29","Honnavar Arto","KA47","Bharat Stage IV","Norm","15.0"
"2019-09-01","Haryana","06","Ballabgarh","HR29","Bharat (Trem) Stage III A","Norm","17.0"
"2021-09-01","Uttar Pradesh","09","Agra Rto","UP80","Not Available","Norm","186.0"
"2021-06-01","Karnataka","29","Tiptur Arto","KA44","Not Available","Norm","15.0"
"2023-06-01","Andhra Pradesh","28","Macherla Mvi Office","AP407","Bharat Stage IV (CEV)","Norm","1.0"
"2021-11-01","Assam","18","Bongaigaon","AS19","Bharat (Trem) Stage III A","Norm","11.0"
"2020-10-01","Karnataka","29","Tiptur Arto","KA44","Bharat (Trem) Stage III A","Norm","65.0"
"2019-12-01","Maharashtra","27","Thane","MH4","Bharat Stage IV","Norm","7744.0"
"2019-10-01","Jharkhand","20","Lohardaga","JH8","Bharat (Trem) Stage III A","Norm","30.0"
"2019-03-01","Nagaland","13","Kohima Rto","NL1","Not Available","Norm","1270.0"
"2022-12-01","Andhra Pradesh","28","Markapur Uo","AP327","Bharat (Trem) Stage III A","Norm","58.0"
"2019-08-01","Maharashtra","27","Nandurbar","MH39","Bharat Stage IV","Norm","874.0"
"2020-09-01","Karnataka","29","Jnanabharathi Rto","KA41","Bharat Stage III (CEV)","Norm","6.0"
"2024-04-01","Chhattisgarh","22","Dhamtari Dto","CG5","Bharat Stage VI","Norm","1295.0"
"2023-12-01","Madhya Pradesh","23","Mandsaur Arto","MP14","Bharat Stage IV (CEV)","Norm","1.0"
"2021-04-01","Tamil Nadu","33","Thiruchendur Rto","TN606","Bharat Stage VI","Norm","770.0"
"2019-08-01","Tamil Nadu","33","Chidambaram Rto","TN544","Not Available","Norm","3.0"
"2019-05-01","Punjab","03","Barnala Sdm","PB19","Bharat (Trem) Stage III","Norm","1.0"
"2021-09-01","Andhra Pradesh","28","Ravulapalem Uo","AP705","Not Available","Norm","20.0"
"2023-08-01","Meghalaya","17","Resubelpara","ML13","Bharat Stage IV (CEV)","Norm","16.0"
"2020-12-01","Himachal Pradesh","02","Rla Sarkaghat","HP28","Bharat Stage III (CEV)","Norm","4.0"
"2022-08-01","Rajasthan","08","Udaipur Rto","RJ27","Bharat Stage III (CEV)","Norm","11.0"
"2019-08-01","Gujarat","24","Porbandar","GJ25","Bharat Stage IV/VI","Norm","6.0"
"2023-04-01","Tamil Nadu","33","Omalure Uo","TN535","Bharat (Trem) Stage III A","Norm","8.0"
"2021-04-01","Jharkhand","20","Ranchi","JH1","Bharat Stage III (CEV)","Norm","1.0"
"2019-01-01","Chhattisgarh","22","Ambikapur Rto","CG15","Bharat Stage III (CEV)","Norm","11.0"
"2020-11-01","Andhra Pradesh","28","Ravulapalem Uo","AP705","Not Available","Norm","9.0"
"2021-04-01","Tamil Nadu","33","Vellore Rto","TN23","Not Available","Norm","9.0"
"2020-06-01","Madhya Pradesh","23","Balaghat Dto","MP50","Bharat Stage VI","Norm","850.0"
"2020-03-01","Uttar Pradesh","09","Balrampur","UP47","Bharat (Trem) Stage III A","Norm","135.0"
"2021-01-01","Odisha","21","Sonepur Rto","OR31","Bharat Stage III (CEV)","Norm","19.0"
"2019-12-01","Tamil Nadu","33","Namakkal (North) Rto","TN28","Bharat Stage VI","Norm","4.0"
"2023-05-01","Maharashtra","27","Pune","MH12","Bharat Stage VI","Norm","18002.0"
"2020-10-01","Uttar Pradesh","09","Sultanpur","UP44","Not Available","Norm","21.0"
"2023-04-01","Punjab","03","Sdm Batala","PB18","Bharat (Trem) Stage III A","Norm","1.0"
"2020-06-01","Madhya Pradesh","23","Dewas Dto","MP41","Bharat Stage IV","Norm","26.0"
"2023-09-01","Maharashtra","27","Ahemednagar","MH16","Bharat (Trem) Stage IV","Norm","1.0"
"2021-12-01","Chhattisgarh","22","Sukma Dto","CG26","Bharat Stage III (CEV)","Norm","1.0"
"2022-12-01","Jharkhand","20","Sahebganj","JH18","Bharat Stage IV (CEV)","Norm","1.0"
"2019-12-01","Haryana","06","Jind","HR31","Bharat Stage IV","Norm","766.0"
"2020-06-01","Uttar Pradesh","09","Prayagraj Rto","UP70","Bharat Stage III (CEV)","Norm","21.0"
"2023-09-01","Bihar","10","Aurangabad","BR26","Bharat Stage IV (CEV)","Norm","2.0"
"2020-06-01","Andhra Pradesh","28","Cuddapah Rta","AP4","Bharat Stage III","Norm","107.0"
"2023-11-01","Kerala","32","Payyannur Srto","KL86","Bharat Stage IV (CEV)","Norm","1.0"
"2021-03-01","Haryana","06","Sdm Shahabad","HR78","Bharat (Trem) Stage III","Norm","1.0"
"2023-12-01","West Bengal","19","Purulia Rto","WB55","Bharat Stage IV (CEV)","Norm","3.0"
"2019-04-01","Uttar Pradesh","09","Lakhimpur Kheri","UP31","Not Available","Norm","100.0"
"2021-02-01","Chhattisgarh","22","Mahasamund Dto","CG6","Bharat (Trem) Stage III A","Norm","165.0"
"2020-04-01","Madhya Pradesh","23","Indore Rto","MP9","Bharat Stage III","Norm","53.0"
"2019-09-01","West Bengal","19","Coochbehar Rto","WB63","Bharat (Trem) Stage III A","Norm","66.0"
"2022-10-01","Andhra Pradesh","28","Narasaraopet Rta","AP107","Bharat Stage IV/VI","Norm","1.0"
"2021-06-01","Rajasthan","08","Jaipur (Second) Rto","RJ59","Bharat Stage VI","Norm","497.0"
"2019-04-01","Maharashtra","27","Buldhana","MH28","Bharat Stage III (CEV)","Norm","15.0"
"2020-07-01","Bihar","10","Sheohar","BR55","Bharat Stage VI","Norm","148.0"
"2021-07-01","Punjab","03","Sdm Phagwara","PB36","Not Available","Norm","3.0"
"2019-03-01","Mizoram","15","Mamit","MZ8","Bharat Stage IV","Norm","62.0"
"2022-11-01","Madhya Pradesh","23","Dewas Dto","MP41","Bharat Stage III","Norm","7.0"
"2019-07-01","Andhra Pradesh","28","Kavali Uo","AP326","Bharat Stage III","Norm","11.0"
"2019-10-01","Punjab","03","Mukerian Sdm","PB54","Bharat Stage VI","Norm","2.0"
"2022-03-01","Uttarakhand","05","Tanakpur Arto","UK3","Bharat Stage VI","Norm","161.0"
"2019-10-01","Haryana","06","Sdm Indiri","HR75","Bharat (Trem) Stage III","Norm","1.0"
"2022-03-01","Madhya Pradesh","23","Ujjain Rto","MP13","Bharat Stage II","Norm","1.0"
"2023-06-01","Uttar Pradesh","09","Lalitpur","UP94","Bharat Stage III (CEV)","Norm","2.0"
"2022-06-01","Kerala","32","Mattancherry Srto","KL43","Not Available","Norm","31.0"
"2019-04-01","Punjab","03","Garshankar Sdm","PB24","Bharat (Trem) Stage III A","Norm","3.0"
"2024-01-01","Puducherry","34","Karaikal","PY2","Bharat Stage VI","Norm","777.0"
"2022-01-01","Kerala","32","Vaikom Srto","KL36","Not Available","Norm","14.0"
"2020-07-01","Karnataka","29","Koppal Rto","KA37","Not Available","Norm","24.0"
"2022-07-01","Punjab","03","Sdm Baba Bakala","PB17","Not Available","Norm","1.0"
"2021-09-01","Assam","18","Karimganj","AS10","Bharat Stage VI","Norm","395.0"
"2022-11-01","Andhra Pradesh","28","Sullurpet Uo","AP426","Not Available","Norm","21.0"
"2023-04-01","Maharashtra","27","Amrawati","MH27","Bharat Stage VI","Norm","3325.0"
"2023-07-01","Tamil Nadu","33","Cuddalore Rto","TN31","Not Available","Norm","7.0"
"2019-06-01","The Dadra And Nagar Haveli And Daman And Diu","38","Diu","DD2","Bharat Stage IV","Norm","145.0"
"2022-10-01","Tripura","16","North Tripura Dto","TR5","Bharat Stage IV (CEV)","Norm","1.0"
"2022-07-01","Kerala","32","Chalakkudy Srto","KL64","Bharat Stage VI","Norm","526.0"
"2022-05-01","Tamil Nadu","33","Sivakasi Rto","TN604","Bharat Stage III (CEV)","Norm","1.0"
"2021-09-01","Tamil Nadu","33","Paramakudi Uo","TN603","Not Available","Norm","6.0"
"2020-10-01","Uttar Pradesh","09","Ghazipur","UP61","Bharat Stage III (CEV)","Norm","1.0"
"2021-06-01","Kerala","32","Perinthalmanna Srto","KL53","Bharat Stage III (CEV)","Norm","1.0"
"2020-12-01","Punjab","03","Sdm Shahkot","PB67","Bharat (Trem) Stage III A","Norm","2.0"
"2021-11-01","Haryana","06","Hisar","HR20","Bharat (Trem) Stage III A","Norm","111.0"
"2023-05-01","Tamil Nadu","33","Mettur Rto","TN590","Not Available","Norm","64.0"
"2020-12-01","Uttar Pradesh","09","Mau","UP54","Bharat Stage VI","Norm","3986.0"
"2023-08-01","Maharashtra","27","Dy.R.T.O.Borivali","MH47","Not Available","Norm","143.0"
"2021-03-01","Assam","18","Kamrup","AS1","Bharat Stage VI","Norm","8470.0"
"2022-05-01","Haryana","06","Ballabgarh","HR29","Bharat Stage VI","Norm","1569.0"
"2019-05-01","Odisha","21","Sonepur Rto","OR31","Bharat (Trem) Stage III A","Norm","44.0"
"2023-02-01","Rajasthan","08","Jhalawar Dto","RJ17","Bharat Stage III (CEV)","Norm","6.0"
"2020-07-01","Kerala","32","Thirurangadi Srto","KL65","Bharat Stage VI","Norm","747.0"
"2022-12-01","Uttar Pradesh","09","Meerut Rto","UP15","Bharat Stage III (CEV)","Norm","2.0"
"2021-10-01","Tamil Nadu","33","Sriperumbudur Rto","TN614","Bharat Stage VI","Norm","450.0"
"2024-04-01","Odisha","21","Arto Barbil","OR901","Bharat Stage VI","Norm","443.0"
"2021-01-01","Chhattisgarh","22","Raigarh Dto","CG13","Bharat Stage VI","Norm","2114.0"
"2021-12-01","Jharkhand","20","Gumla","JH7","Bharat (Trem) Stage III A","Norm","30.0"
"2022-02-01","Haryana","06","Ballabgarh","HR29","Bharat Stage VI","Norm","1347.0"
"2021-05-01","Maharashtra","27","Pune","MH12","Bharat Stage VI","Norm","3378.0"
"2019-10-01","Bihar","10","Motihari","BR5","Bharat Stage IV/VI","Norm","2.0"
"2023-06-01","Kerala","32","Thaliparamba Srto","KL59","Bharat Stage VI","Norm","697.0"
"2020-01-01","Gujarat","24","Vadodara","GJ6","Bharat Stage VI","Norm","622.0"
"2024-03-01","Tamil Nadu","33","Tiruchi Rto","TN45","Bharat Stage IV (CEV)","Norm","3.0"
"2020-01-01","Maharashtra","27","Kolhapur","MH9","Bharat (Trem) Stage III A","Norm","132.0"
"2019-02-01","West Bengal","19","Mathabhanga Arto","WB85","Bharat (Trem) Stage III A","Norm","7.0"
"2022-05-01","Jharkhand","20","Bokaro","JH9","Bharat Stage III (CEV)","Norm","1.0"
"2021-05-01","Gujarat","24","Bharuch","GJ16","Not Available","Norm","7.0"
"2023-01-01","Himachal Pradesh","02","Rla Nagrota Bagwan","HP94","Bharat Stage VI","Norm","122.0"
"2019-11-01","Tamil Nadu","33","Lalkudi Uo","TN631","Bharat Stage III (CEV)","Norm","2.0"
"2020-01-01","Himachal Pradesh","02","Rto Shimla","HP63","Bharat Stage VI","Norm","15.0"
"2020-12-01","Bihar","10","Darbhanga","BR7","Bharat (Trem) Stage III A","Norm","154.0"
"2023-01-01","Uttar Pradesh","09","Auraiya","UP79","Not Available","Norm","37.0"
"2019-09-01","Maharashtra","27","Dy.r.t.o.borivali","MH47","Euro 4","Norm","4.0"
"2020-07-01","Bihar","10","Siwan","BR29","Bharat (Trem) Stage III A","Norm","235.0"
"2020-09-01","Madhya Pradesh","23","Dhar Arto","MP11","Bharat Stage IV","Norm","4.0"
"2019-11-01","Uttar Pradesh","09","Hathras","UP86","Bharat Stage III (CEV)","Norm","7.0"
"2023-02-01","Gujarat","24","Bharuch","GJ16","Not Available","Norm","78.0"
"2020-03-01","Himachal Pradesh","02","Rla Arki","HP11","Bharat Stage III","Norm","1.0"
"2024-01-01","Odisha","21","Arto Barbil","OR901","Euro 6","Norm","6.0"
"2019-02-01","Rajasthan","08","Bhiwari Dto","RJ40","Not Available","Norm","5.0"
"2023-06-01","Maharashtra","27","Ahemednagar","MH16","Bharat Stage VI","Norm","3125.0"
"2020-04-01","Rajasthan","08","Ramganjmandi Dto","RJ33","Bharat Stage IV","Norm","136.0"
"2021-11-01","Andhra Pradesh","28","Rayachoti Mvi Office","AP504","Bharat Stage III","Norm","27.0"
"2019-11-01","Rajasthan","08","Baran Dto","RJ28","Bharat Stage IV","Norm","3523.0"
"2019-06-01","Uttar Pradesh","09","Ghazipur","UP61","Bharat (Trem) Stage III A","Norm","129.0"
"2022-09-01","Nagaland","13","Phek Dto","NL8","Bharat Stage VI","Norm","11.0"
"2024-04-01","Tamil Nadu","33","Uthamapalayam Uo","TN601","Not Available","Norm","19.0"
"2020-09-01","Tamil Nadu","33","Sivagangai Rto","TN63","Bharat Stage VI","Norm","2097.0"
"2021-08-01","Karnataka","29","Nagamangala Rto","KA54","Bharat Stage IV (CEV)","Norm","1.0"
"2019-09-01","Punjab","03","Rampura Phul Sdm","PB40","Bharat (Trem) Stage III A","Norm","1.0"
"2023-12-01","Karnataka","29","Yalahanka Rto","KA50","Bharat Stage IV (CEV)","Norm","4.0"
"2020-10-01","West Bengal","19","Alipore Rto","WB19","Bharat Stage VI","Norm","3267.0"
"2019-06-01","Haryana","06","Kosli","HR43","Bharat Stage IV/VI","Norm","7.0"
"2023-02-01","Tamil Nadu","33","Arani Rto","TN516","Bharat Stage IV (CEV)","Norm","3.0"
"2023-06-01","Himachal Pradesh","02","Rla Thunag","HP87","Bharat Stage VI","Norm","32.0"
"2021-06-01","Haryana","06","Sdm Badkhal","HR87","Bharat Stage III (CEV)","Norm","7.0"
"2021-04-01","Haryana","06","Meham","HR15","Bharat (Trem) Stage III A","Norm","85.0"
"2021-02-01","Delhi","07","Wazirpur","DL8","Not Available","Norm","226.0"
"2020-06-01","Karnataka","29","Bellary Rto","KA34","Bharat Stage IV","Norm","1342.0"
"2019-01-01","Tripura","16","Unakoti Dto","TR2","Bharat Stage IV","Norm","283.0"
"2020-02-01","Kerala","32","Muvattupuzha Rto","KL17","Bharat Stage III","Norm","1.0"
"2022-09-01","Uttar Pradesh","09","Shravasti","UP46","Bharat Stage VI","Norm","396.0"
"2021-02-01","Uttarakhand","05","Haridwar Arto","UK8","Not Available","Norm","50.0"
"2020-08-01","Assam","18","Sivasagar","AS4","Bharat (Trem) Stage III A","Norm","11.0"
"2023-04-01","Rajasthan","08","Bhinmal Dto","RJ46","Bharat (Trem) Stage III A","Norm","261.0"
"2019-12-01","Maharashtra","27","Latur","MH24","Bharat (Trem) Stage III A","Norm","123.0"
"2023-11-01","Tamil Nadu","33","Chennai (Central) Rto","TN1","Not Available","Norm","98.0"
"2024-02-01","Uttarakhand","05","Ramnagar Arto","UK19","Bharat (Trem) Stage III A","Norm","24.0"
"2024-05-01","Jammu And Kashmir","01","Poonch Arto","JK12","Bharat Stage IV (CEV)","Norm","5.0"
"2021-06-01","Maharashtra","27","Ahemednagar","MH16","Bharat Stage VI","Norm","1917.0"
"2022-03-01","Kerala","32","Ernakulam Rto","KL7","Bharat Stage IV (CEV)","Norm","1.0"
"2019-05-01","Nagaland","13","Kohima Rto","NL1","Bharat (Trem) Stage IV","Norm","1.0"
"2020-02-01","Madhya Pradesh","23","Hosangabad Dto","MP5","Bharat Stage III","Norm","282.0"
"2023-09-01","Uttarakhand","05","Pithoragarh Arto","UK5","Bharat Stage IV (CEV)","Norm","1.0"
"2020-03-01","Himachal Pradesh","02","Rla Dodra Kawar","HP77","Bharat Stage IV","Norm","4.0"
"2023-03-01","Madhya Pradesh","23","Jhabua Dto","MP45","Bharat (Trem) Stage III A","Norm","172.0"
"2019-12-01","Odisha","21","Balasore Rto","OR1","Bharat (Trem) Stage III A","Norm","109.0"
"2019-07-01","Tamil Nadu","33","Coimbatore (Central) Rto","TN66","Bharat Stage III (CEV)","Norm","2.0"
"2020-10-01","Karnataka","29","Bellary Rto","KA34","Bharat Stage VI","Norm","1283.0"
"2023-12-01","Himachal Pradesh","02","Rla Shri Naina Devi Ji Swarghat","HP91","Bharat Stage VI","Norm","153.0"
"2023-02-01","Jharkhand","20","Hazaribag","JH2","Bharat Stage IV","Norm","2.0"
"2020-02-01","Bihar","10","Katihar","BR39","Bharat (Trem) Stage III A","Norm","146.0"
"2022-10-01","Uttar Pradesh","09","Amethi Arto","UP36","Bharat Stage VI","Norm","1547.0"
"2023-11-01","Bihar","10","Supaul","BR50","Not Available","Norm","224.0"
"2019-07-01","Uttar Pradesh","09","Pratapgarh","UP72","Bharat Stage IV","Norm","4763.0"
"2020-02-01","Uttar Pradesh","09","Fathehpur","UP71","Bharat Stage VI","Norm","115.0"
"2021-01-01","Karnataka","29","Chitradurga Rto","KA16","Not Available","Norm","152.0"
"2020-07-01","Haryana","06","Sdm Badkhal","HR87","Bharat Stage III (CEV)","Norm","1.0"
"2021-12-01","Uttar Pradesh","09","Chitrakoot","UP96","Bharat Stage VI","Norm","1157.0"
"2020-11-01","Kerala","32","Neyyattinkara Srto","KL20","Not Available","Norm","2.0"
"2020-10-01","Himachal Pradesh","02","Rla Bilaspur","HP24","Euro 6","Norm","1.0"
"2024-04-01","Madhya Pradesh","23","Badwani Dto","MP46","Bharat Stage III (CEV)","Norm","1.0"
"2023-07-01","Haryana","06","Rta, Jind","HR56","Bharat Stage VI","Norm","119.0"
"2021-10-01","Uttar Pradesh","09","Farrukhabad","UP76","Bharat Stage IV (CEV)","Norm","1.0"
"2022-04-01","Andhra Pradesh","28","Bapatla Mvi Office","AP207","Not Available","Norm","40.0"
"2023-06-01","Karnataka","29","Sirsi Rto","KA31","Not Available","Norm","46.0"
"2020-11-01","Rajasthan","08","Bikaner Rto","RJ7","Bharat (Trem) Stage III A","Norm","375.0"
"2021-06-01","Haryana","06","Ambala City","HR1","Bharat Stage VI","Norm","591.0"
"2019-11-01","Andhra Pradesh","28","Parvathipuram Mvi Office","AP135","Not Available","Norm","2.0"
"2021-09-01","Assam","18","Nagaon","AS2","Bharat (Trem) Stage III A","Norm","22.0"
"2023-12-01","Sikkim","11","Rto Gangtok","SK1","Bharat Stage III (CEV)","Norm","1.0"
"2021-01-01","Tamil Nadu","33","Mannargudi Uo","TN588","Bharat Stage III (CEV)","Norm","1.0"
"2019-11-01","Bihar","10","Munger","BR8","Not Available","Norm","26.0"
"2023-02-01","Madhya Pradesh","23","Morena Dto","MP6","Bharat Stage III (CEV)","Norm","6.0"
"2020-08-01","Uttar Pradesh","09","Auraiya","UP79","Bharat Stage VI","Norm","810.0"
"2019-03-01","Tamil Nadu","33","Ambasamuthiram Uo","TN611","Bharat Stage IV","Norm","874.0"
"2022-07-01","Uttar Pradesh","09","Azamgarh Rto","UP50","Bharat Stage II","Norm","1.0"
"2024-01-01","Tamil Nadu","33","Tirunelveli Rto","TN72","Bharat Stage VI","Norm","2057.0"
"2022-09-01","Punjab","03","Sdm Ahmedgarh","PB82","Bharat Stage VI","Norm","100.0"
"2022-07-01","Andhra Pradesh","28","Nuzvid Uo","AP416","Bharat Stage VI","Norm","329.0"
"2021-08-01","Kerala","32","Chengannur Srto","KL30","Bharat Stage IV (CEV)","Norm","2.0"
"2020-07-01","Tamil Nadu","33","Thirupattur Rto","TN624","Not Available","Norm","1.0"
"2024-02-01","Assam","18","Nagaon","AS2","Bharat (Trem) Stage III A","Norm","85.0"
"2024-03-01","Karnataka","29","Bengaluru West Rto","KA2","Bharat (Trem) Stage III A","Norm","1.0"
"2021-07-01","Madhya Pradesh","23","Shahdol Rto","MP18","Bharat Stage VI","Norm","1899.0"
"2024-02-01","Uttar Pradesh","09","Sambhal Arto","UP38","Bharat (Trem) Stage III A","Norm","181.0"
"2023-11-01","Rajasthan","08","Bikaner Rto","RJ7","Bharat Stage VI","Norm","5201.0"
"2019-07-01","Rajasthan","08","Sri Ganganagar Dto","RJ13","Bharat Stage II","Norm","1.0"
"2020-03-01","Uttar Pradesh","09","Barabanki Arto","UP41","Bharat Stage III (CEV)","Norm","2.0"
"2020-07-01","Himachal Pradesh","02","Rla Fathepur","HP88","Bharat Stage VI","Norm","216.0"
"2019-06-01","Uttar Pradesh","09","Ayodhya Rto","UP42","Bharat Stage IV/VI","Norm","5.0"
"2023-07-01","Rajasthan","08","Jaisalmer Dto","RJ15","Not Available","Norm","15.0"
"2023-05-01","Uttarakhand","05","Kashipur Arto","UK18","Not Available","Norm","120.0"
"2023-04-01","Jammu And Kashmir","01","Poonch Arto","JK12","Bharat Stage III (CEV)","Norm","1.0"
"2019-12-01","Haryana","06","Charkhi Dadri","HR19","Bharat Stage IV","Norm","557.0"
"2021-10-01","Assam","18","Kokrajhar","AS16","Not Available","Norm","147.0"
"2023-03-01","Bihar","10","Darbhanga","BR7","Bharat Stage IV (CEV)","Norm","2.0"
"2019-09-01","Uttar Pradesh","09","Ghaziabad","UP14","Bharat Stage IV/VI","Norm","261.0"
"2023-06-01","Haryana","06","Hathin","HR52","Not Available","Norm","1.0"
"2024-01-01","Himachal Pradesh","02","Rla Karsog","HP30","Bharat Stage VI","Norm","69.0"
"2019-04-01","Maharashtra","27","Jalana","MH21","Bharat Stage III/IV","Norm","1.0"
"2021-12-01","Rajasthan","08","Dudu Dto","RJ47","Bharat Stage IV (CEV)","Norm","4.0"
"2021-06-01","Goa","30","Canacona Rto","GA10","Not Available","Norm","17.0"
"2024-03-01","Jharkhand","20","Latehar","JH19","Bharat Stage IV (CEV)","Norm","1.0"
"2023-11-01","Bihar","10","Bhabhua","BR45","Not Available","Norm","59.0"
"2021-09-01","Tamil Nadu","33","Mannargudi Uo","TN588","Bharat Stage III (CEV)","Norm","1.0"
"2020-10-01","Assam","18","Nagaon","AS2","Bharat Stage VI","Norm","2723.0"
"2019-07-01","Tamil Nadu","33","Paramakudi Uo","TN603","Bharat Stage III (CEV)","Norm","2.0"
"2023-10-01","Chhattisgarh","22","Mungeli Dto","CG28","Bharat (Trem) Stage III A","Norm","49.0"
"2020-07-01","Gujarat","24","Ahmedabad (Rural), Bawla Arto","GJ38","Bharat (Trem) Stage III A","Norm","316.0"
"2019-01-01","Assam","18","Bongaigaon","AS19","Bharat Stage IV","Norm","1160.0"